PersonalExperience,Promotion
https://www.bemytravelmuse.com/kristin-addis-bio/,https://www.germany.travel/en/towns-cities-culture/top-100/content/cochem-castle.html
https://www.bemytravelmuse.com/sober-southeast-asia-travel/,https://www.germany.travel/en/towns-cities-culture/top-100/content/the-sauerland.html
https://www.bemytravelmuse.com/heal-from-abuse-by-traveling/,https://www.germany.travel/en/towns-cities-culture/towns-cities/berlin.html#h123720
https://www.bemytravelmuse.com/traveling-alone-lonely/,https://www.germany.travel/en/towns-cities-culture/top-100/content/the-zugspitze.html
https://www.bemytravelmuse.com/letter-to-younger-self/,https://www.germany.travel/en/towns-cities-culture/unesco-world-heritage/palaces-and-parks-of-potsdam-and-berlin.html
https://www.bemytravelmuse.com/how-to-stay-healthy-on-the-road/,https://www.germany.travel/en/towns-cities-culture/towns-cities/ulm.html#h125763
https://www.bemytravelmuse.com/10-questions-2-years-traveling-world/,https://www.germany.travel/en/towns-cities-culture/towns-cities/munich.html#h123531
https://www.bemytravelmuse.com/solo-female-travel-relfection/,https://www.germany.travel/en/towns-cities-culture/unesco-world-heritage/town-hall-and-roland-statue-in-bremen.html
https://www.bemytravelmuse.com/followed-grandmothers-journal-traveling/,https://www.germany.travel/en/towns-cities-culture/towns-cities/historic-highlights-of-germany/freiburg.html
https://www.bemytravelmuse.com/solo-female-travel-in-mozambique/,https://www.germany.travel/en/towns-cities-culture/unesco-world-heritage/wilhelmshoehe-park.html
https://www.bemytravelmuse.com/traveling-changes-you/,https://www.germany.travel/en/specials/christmas/chocolart-chocolate-market-in-tuebingen.html
https://www.travelblog.org/Europe/Spain/Valencian-Community/Alicante/Pilar-De-La-Horadada/blog-815127.html,https://www.germany.travel/en/towns-cities-culture/top-100/content/michelstadt.html
https://soultravelblog.com/what-to-wear-in-india/,https://www.germany.travel/en/towns-cities-culture/unesco-world-heritage/speicherstadt-and-kontorhaus-district-with-chilehaus-hamburg.html
https://soultravelblog.com/train-travel-in-sri-lanka/,https://www.germany.travel/en/towns-cities-culture/towns-cities/berlin.html#h123723
https://soultravelblog.com/vancouver-island-bucket-list/,https://www.germany.travel/en/towns-cities-culture/towns-cities/duesseldorf.html#h123570
https://soultravelblog.com/planning-train-travel-india/,https://www.germany.travel/en/towns-cities-culture/towns-cities/nuremberg.html#h125799
https://soultravelblog.com/eco-friendly-travel-products/,https://www.germany.travel/en/towns-cities-culture/towns-cities/hamburg.html#h123563
https://soultravelblog.com/eco-resorts-india/,https://www.germany.travel/en/towns-cities-culture/museums/nature-technology/ozeaneum-aquarium-stralsund.html
https://soultravelblog.com/ethical-travel-in-rajasthan/,https://www.germany.travel/en/towns-cities-culture/unesco-world-heritage/wuerzburg-residenz-palace-and-court-gardens.html
https://soultravelblog.com/chiang-mai-to-bangkok-by-train/,https://www.germany.travel/en/towns-cities-culture/palaces-parks-gardens/eras-styles/jewels-of-historicism/schwerin-castle-and-park.html
https://soultravelblog.com/bangladesh-travel-tips-travel-guide/,https://www.germany.travel/en/towns-cities-culture/unesco-world-heritage/aachen-cathedral.html
https://soultravelblog.com/cabins-in-sweden/,https://www.germany.travel/en/towns-cities-culture/top-100/content/ruedesheim-am-rhein.html
https://soultravelblog.com/planning-a-trip-to-india/,https://www.germany.travel/en/leisure-and-recreation/natural-landscapes/nature-parks/naturpark-teutoburger-waldeggegebirge.html
https://soultravelblog.com/ecotourism-in-kerala-travel-guide/,https://www.germany.travel/en/towns-cities-culture/unesco-world-heritage/the-wadden-sea.html
https://www.travelblog.org/Oceania/Australia/Australian-Capital-Territory/blog-1039591.html,https://www.germany.travel/en/leisure-and-recreation/scenic-routes/german-fairy-tale-route.html
https://www.travelblog.org/Oceania/Australia/Australian-Capital-Territory/blog-1039546.html,https://www.germany.travel/en/towns-cities-culture/towns-cities/munich.html#h123537
https://www.travelblog.org/Oceania/Australia/Australian-Capital-Territory/blog-1037310.html,https://www.germany.travel/en/towns-cities-culture/palaces-parks-gardens/eras-styles/neo-gothic-romanticism/hohenzollern-castle.html
https://www.travelblog.org/Oceania/Australia/Australian-Capital-Territory/blog-1036441.html,https://www.germany.travel/en/towns-cities-culture/towns-cities/hamburg.html#h123561
https://www.travelblog.org/Oceania/Australia/Australian-Capital-Territory/blog-1034865.html,https://www.germany.travel/en/specials/christmas/christmas-market-in-nuremberg.html
https://www.travelblog.org/Oceania/Australia/Australian-Capital-Territory/blog-1012685.html,https://www.germany.travel/en/towns-cities-culture/unesco-world-heritage/collegiate-church-castle-and-old-town-of-quedlinburg.html
https://www.travelblog.org/Oceania/Australia/New-South-Wales/Aberdeen/blog-610415.html,https://www.germany.travel/en/towns-cities-culture/top-100/content/the-saar-bow.html
https://www.travelblog.org/Oceania/Australia/New-South-Wales/Adaminaby/blog-520769.html,https://www.germany.travel/en/specials/christmas/christmas-market-in-monschau.html
https://www.travelblog.org/Oceania/Australia/New-South-Wales/Albury/blog-692820.html,https://www.germany.travel/en/specials/home-of-the-car/museum-experiences/autostadt-in-wolfsburg.html
https://www.travelblog.org/Oceania/Australia/New-South-Wales/Albury/blog-560654.html,https://www.germany.travel/en/towns-cities-culture/towns-cities/mainz.html
https://www.travelblog.org/Oceania/Australia/New-South-Wales/Albury/blog-537752.html,https://www.germany.travel/en/towns-cities-culture/top-100/content/triberg.html
https://www.travelblog.org/Oceania/Australia/New-South-Wales/Alstonville/blog-873645.html,https://www.germany.travel/en/towns-cities-culture/unesco-world-heritage/zollverein-coal-mine-industrial-complex-in-essen.html
https://www.travelblog.org/Oceania/Australia/New-South-Wales/Alstonville/blog-492015.html,https://www.germany.travel/en/towns-cities-culture/towns-cities/berlin.html#h138817
https://www.travelblog.org/Oceania/Australia/New-South-Wales/Araluen/blog-491711.html,https://www.germany.travel/en/towns-cities-culture/unesco-world-heritage/mines-of-rammelsberg-historic-town-of-goslar-and-upper-harz-water-management-system.html
https://www.travelblog.org/Oceania/Australia/New-South-Wales/Armidale/blog-1044385.html,https://www.germany.travel/en/towns-cities-culture/unesco-world-heritage/classical-weimar.html
https://www.travelblog.org/Oceania/Australia/New-South-Wales/Armidale/blog-1039113.html,https://www.germany.travel/en/towns-cities-culture/towns-cities/munich.html#h123533
https://www.travelblog.org/Oceania/Australia/New-South-Wales/Armidale/blog-756029.html,https://www.germany.travel/en/towns-cities-culture/museums/culture-history/medieval-crime-museum-rothenburg.html
https://www.travelblog.org/Oceania/Australia/New-South-Wales/Armidale/blog-654615.html,https://www.germany.travel/en/towns-cities-culture/top-100/content/wernigerode.html
https://www.travelblog.org/Oceania/Australia/New-South-Wales/Armidale/blog-612669.html,https://www.germany.travel/en/towns-cities-culture/towns-cities/wuppertal.html
https://www.travelblog.org/Oceania/Australia/New-South-Wales/Armidale/blog-583029.html,https://www.germany.travel/en/towns-cities-culture/towns-cities/augsburg.html#h184673
https://www.travelblog.org/Oceania/Australia/New-South-Wales/Ballina/blog-1048419.html,https://www.germany.travel/en/towns-cities-culture/top-100/content/bavarian-forest-national-park.html
https://www.travelblog.org/Oceania/Australia/New-South-Wales/Ballina/blog-1014650.html,https://www.germany.travel/en/towns-cities-culture/towns-cities/muenster.html#h125783
https://www.travelblog.org/Oceania/Australia/New-South-Wales/Ballina/blog-715288.html,https://www.germany.travel/en/towns-cities-culture/palaces-parks-gardens/famous-figures/fairytale-refuges-for-the-fairytale-king/linderhof-palace.html
https://www.travelblog.org/Oceania/Australia/New-South-Wales/Ballina/blog-658433.html,https://www.germany.travel/en/towns-cities-culture/unesco-world-heritage/wieskirche-pilgrimage-church.html
https://www.travelblog.org/Oceania/Australia/New-South-Wales/Balranald/blog-874076.html,https://www.germany.travel/en/towns-cities-culture/top-100/content/beilstein.html
https://www.travelblog.org/Oceania/Australia/New-South-Wales/Balranald/blog-859980.html,https://www.germany.travel/en/towns-cities-culture/palaces-parks-gardens/famous-figures/fairytale-refuges-for-the-fairytale-king/herrenchiemsee-palace.html
https://www.travelblog.org/Oceania/Australia/New-South-Wales/Barrington-Tops/blog-486478.html,https://www.germany.travel/en/towns-cities-culture/towns-cities/augsburg.html#h123753
https://www.travelblog.org/Oceania/Australia/New-South-Wales/Barrington-Tops/blog-486461.html,https://www.germany.travel/en/specials/family-attractions/legoland-deutschland-resort.html
https://www.travelblog.org/Oceania/Australia/New-South-Wales/Barrington-Tops/blog-231932.html,https://www.germany.travel/en/leisure-and-recreation/natural-landscapes/national-parks/hainich-national-park.html
https://www.travelblog.org/Oceania/Australia/New-South-Wales/Barrington-Tops/blog-214822.html,https://www.germany.travel/en/towns-cities-culture/towns-cities/bremerhaven.html#h123522
https://www.travelblog.org/Oceania/Australia/New-South-Wales/Barrington-Tops/blog-74203.html,https://www.germany.travel/en/leisure-and-recreation/scenic-routes/german-alpine-road.html
https://www.travelblog.org/Oceania/Australia/New-South-Wales/Barrington-Tops/blog-52318.html,https://www.germany.travel/en/towns-cities-culture/top-100/content/geierlay-rope-bridge.html
https://www.travelblog.org/Oceania/Australia/New-South-Wales/Barrington-Tops/blog-39465.html,https://www.germany.travel/en/leisure-and-recreation/germanys-islands/north-sea-islands/heligoland.html
https://www.travelblog.org/Oceania/Australia/New-South-Wales/Barrington-Tops/blog-9237.html,https://www.germany.travel/en/leisure-and-recreation/natural-landscapes/national-parks/mueritz-national-park.html
https://www.travelblog.org/Oceania/Australia/New-South-Wales/Bathurst/blog-261026.html,https://www.germany.travel/en/towns-cities-culture/top-100/content/berlin-zoo.html
https://www.travelblog.org/Oceania/Australia/New-South-Wales/Bathurst/blog-330314.html,https://www.germany.travel/en/towns-cities-culture/top-100/content/berlin-zoo.html
https://www.travelblog.org/Oceania/Australia/New-South-Wales/Bathurst/blog-414423.html,https://www.germany.travel/en/leisure-and-recreation/germanys-islands/north-sea-islands/sylt-island.html
https://www.travelblog.org/Oceania/Australia/New-South-Wales/Bathurst/blog-418102.html,https://www.lonelyplanet.com/norway/oslo/attractions/vikingskipshuset/a/poi-sig/415294/360236
https://www.travelblog.org/Oceania/Australia/New-South-Wales/Bathurst/blog-453616.html,https://www.lonelyplanet.com/norway/bergen-and-the-western-fjords/andalsnes/attractions/trollstigen/a/poi-sig/1415194/360191
https://www.travelblog.org/Oceania/Australia/New-South-Wales/Bathurst/blog-725679.html,https://www.lonelyplanet.com/norway/northern-norway/trondheim/attractions/nidaros-domkirke/a/poi-sig/472484/360234
https://www.travelblog.org/Oceania/Australia/New-South-Wales/Bathurst/blog-727942.html,https://www.lonelyplanet.com/norway/bergen-and-the-western-fjords/kristiansund/attractions/atlanterhavsveien/a/poi-sig/1580211/360183
https://www.travelblog.org/Oceania/Australia/New-South-Wales/Bega-Valley/blog-461923.html,https://www.lonelyplanet.com/norway/bergen-and-the-western-fjords/odda/attractions/trolltunga/a/poi-sig/1416541/360173
https://www.travelblog.org/Oceania/Australia/New-South-Wales/Bega-Valley/blog-365051.html,https://www.lonelyplanet.com/norway/bergen-and-the-western-fjords/bergen/attractions/bryggen/a/poi-sig/1292163/360166
https://www.travelblog.org/Oceania/Australia/New-South-Wales/Bega-Valley/blog-227467.html,https://www.lonelyplanet.com/norway/vestvagoy/attractions/lofotr-viking-museum/a/poi-sig/1119389/1314599
https://www.travelblog.org/Oceania/Australia/New-South-Wales/Bellingen/blog-991997.html,https://www.lonelyplanet.com/norway/oslo/attractions/ekebergparken/a/poi-sig/1579498/360236
https://www.travelblog.org/Oceania/Australia/New-South-Wales/Bellingen/blog-861078.html,https://www.lonelyplanet.com/norway/arctic-highway/attractions/hamsunsenteret/a/poi-sig/1493221/1329931
https://www.travelblog.org/Oceania/Australia/New-South-Wales/Bellingen/blog-820654.html,https://www.visitbritain.com/us/en/five-family-friendly-activities-london-fit-royalty
https://www.travelblog.org/Oceania/Australia/New-South-Wales/Bellingen/blog-713095.html,https://www.visitbritain.com/us/en/24-reasons-visit-london
https://www.travelblog.org/Oceania/Australia/New-South-Wales/Bellingen/blog-687935.html,https://www.visitbritain.com/us/en/best-places-eat-traditional-british-food-london
https://www.travelblog.org/Oceania/Australia/New-South-Wales/Bellingen/blog-674471.html,https://www.visitbritain.com/gb/en/dont-miss-summer-liverpool
https://www.travelblog.org/Oceania/Australia/New-South-Wales/Bellingen/blog-488821.html,https://www.visitbritain.com/gb/en/dont-miss-summer-manchester
https://www.travelblog.org/Oceania/Australia/New-South-Wales/Bellingen/blog-459914.html,https://www.visitbritain.com/gb/en/dont-miss-summer-london
https://www.travelblog.org/Oceania/Australia/New-South-Wales/Bellingen/blog-361296.html,https://www.visitbritain.com/gb/en/dont-miss-summer-bristol
https://www.travelblog.org/Oceania/Australia/New-South-Wales/Blue-Mountains/blog-1027894.html,https://www.visitbritain.com/gb/en/dont-miss-summer-edinburgh
https://www.travelblog.org/Asia/Japan/Aichi/Anjo/blog-332610.html,https://www.visitbritain.com/gb/en/dont-miss-summer-glasgow
https://www.travelblog.org/Asia/Japan/Aichi/Anjo/blog-207269.html,https://www.visitbritain.com/gb/en/things-do-near-glasgow-airport
https://www.travelblog.org/Asia/Japan/Aichi/Inuyama/blog-926567.html,https://www.visitbritain.com/gb/en/exploring-fantastic-city-glasgow
https://www.travelblog.org/Asia/Japan/Aichi/Inuyama/blog-857601.html,https://www.visitbritain.com/gb/en/campaigns/48-hours/london
https://www.travelblog.org/Asia/Japan/Aichi/Inuyama/blog-809740.html,https://www.visitbritain.com/gb/en/10-unmissable-food-markets-london
https://www.travelblog.org/Asia/Japan/Aichi/Inuyama/blog-725943.html,https://www.visitbritain.com/gb/en/6-blooming-lovely-london-pubs
https://www.travelblog.org/Asia/Japan/Aichi/Inuyama/blog-552365.html,https://www.visitbritain.com/gb/en/things-do-near-london-gatwick-airport
https://www.travelblog.org/Asia/Japan/Aichi/Kariya/blog-183670.html,https://www.visitbritain.com/gb/en/londons-iconic-locations-360-bike-ride
https://www.travelblog.org/Asia/Japan/Aichi/Kariya/blog-181765.html,https://www.visitbritain.com/gb/en/hipsters-guide-liverpools-baltic-triangle
https://www.travelblog.org/Asia/Japan/Aichi/Nagoya/blog-965875.html,https://www.visitbritain.com/gb/en/things-do-near-liverpool-john-lennon-airport
https://www.travelblog.org/Asia/Japan/Aichi/Nagoya/blog-876964.html,https://www.visitbritain.com/gb/en/6-top-spots-food-and-drink-liverpool
https://www.travelblog.org/Asia/Japan/Aichi/Nagoya/blog-861146.html,https://www.visitbritain.com/gb/en/get-groove-liverpools-musical-highlights
https://www.travelblog.org/Asia/Japan/Aichi/Nagoya/blog-834244.html,https://www.visitbritain.com/gb/en/best-places-watch-football-manchester
https://www.travelblog.org/Asia/Japan/Aichi/Nagoya/Osu/blog-819017.html,https://www.visitbritain.com/gb/en/6-top-spots-food-and-drink-manchester
https://www.travelblog.org/Asia/Japan/Aichi/Nagoya/blog-725940.html,https://www.visitbritain.com/gb/en/campaigns/48-hours/manchester
https://www.travelblog.org/Asia/Japan/Aichi/Nisshin/blog-72843.html,https://www.visitbritain.com/gb/en/campaigns/lgbt-guide-manchester
https://www.travelblog.org/Asia/Japan/Akita/Tazawako/blog-808440.html,https://www.visitbritain.com/gb/en/road-trip-englands-north-west
https://www.travelblog.org/Asia/Japan/Akita/Tazawako/blog-285397.html,https://www.visitbritain.com/gb/en/7-reasons-discover-bohemian-bristol
https://www.travelblog.org/Asia/Japan/Akita/Tazawako/blog-225070.html,https://www.visitbritain.com/gb/en/best-music-and-street-art-bristol
https://www.travelblog.org/Asia/Japan/Akita/Yokote/blog-962700.html,https://www.visitbritain.com/gb/en/things-do-near-bristol-airport
https://www.travelblog.org/Asia/Japan/Akita/Yokote/blog-44652.html,https://www.visitbritain.com/gb/en/bristol-city-break-friends
https://www.travelblog.org/Asia/Japan/Aomori/blog-1036144.html,https://www.visitbritain.com/gb/en/8-reasons-visit-bristol-year-ends
https://www.travelblog.org/Asia/Japan/Aomori/blog-962161.html,https://www.visitbritain.com/gb/en/best-places-action-adventure-sports-britain
https://www.travelblog.org/Asia/Japan/Aomori/blog-961458.html,https://www.visitbritain.com/gb/en/dont-wait-tomorrow-experience-film-yesterday-britain
https://www.travelblog.org/Asia/Japan/Aomori/Towadako/blog-861571.html,https://www.visitbritain.com/gb/en/bristol-cathedral
https://www.travelblog.org/Asia/Japan/Chiba/Narita/blog-1030616.html,https://www.visitbritain.com/gb/en/must-see-christmas-theatre-shows-2019
https://www.travelblog.org/Asia/Japan/Chiba/Urayasu/blog-992790.html,https://www.visitbritain.com/us/en/sport-experiences-cotswolds
https://www.travelblog.org/Asia/Japan/Chiba/Narita/blog-965888.html,https://www.visitbritain.com/us/en/5-amazing-hotels-wont-break-bank
https://www.travelblog.org/Asia/Japan/Chiba/Narita/blog-849509.html,https://www.visitbritain.com/us/en/edinburghs-hogmanay-greatest-new-year-party-world
https://www.travelblog.org/Asia/Japan/Ehime/Matsuyama/blog-1041840.html,https://www.visitbritain.com/us/en/how-take-ultimate-scotland-road-trip
https://www.travelblog.org/Asia/Japan/Ehime/Matsuyama/blog-1021335.html,https://www.visitbritain.com/us/en/britains-favourite-festive-christmas-experiences
https://www.travelblog.org/Asia/Japan/Ehime/blog-963328.html,https://www.visitbritain.com/us/en/britain-insider-ultimate-weekend-edinburgh
https://www.travelblog.org/Asia/Thailand/Central-Thailand/Bangkok/blog-1050561.html,https://www.visitbritain.com/us/en/10-amazing-things-do-cambridge
https://www.youth-hostel.si/en/travelogues/HR/exploring-istrian-villages,https://www.visitbritain.com/us/en/6-amazingly-easy-ways-travel-scotland-london
https://www.travelblog.org/Asia/Japan/Ehime/Matsuyama/blog-604247.html,https://www.visitbritain.com/us/en/6-amazingly-easy-ways-travel-scotland-london
https://www.travelblog.org/Asia/Japan/Ehime/Ochi/Kamijima/blog-347244.html,https://www.visitbritain.com/us/en/6-luxury-eco-friendly-places-stay
https://www.travelblog.org/Asia/Japan/Hiroshima/Hiroshima/blog-1045683.html,https://www.visitbritain.com/us/en/5-ideas-romantic-budget-friendly-british-date
https://www.travelblog.org/Asia/Japan/Hiroshima/blog-1036489.html,https://www.visitbritain.com/us/en/10-brilliant-british-winter-holiday-ideas
https://www.travelblog.org/Asia/Japan/Hiroshima/Miyajima/blog-1034481.html,https://www.visitbritain.com/us/en/where-find-best-post-christmas-sales-britain
https://www.travelblog.org/Asia/Japan/Hiroshima/blog-1028121.html,https://www.visitbritain.com/us/en/edgbaston
https://www.travelblog.org/Asia/Japan/Hiroshima/Hiroshima/blog-1021478.html,https://www.visitbritain.com/us/en/13-best-christmas-markets-britain
https://www.travelblog.org/Asia/Japan/Hiroshima/Hiroshima/blog-1019368.html,https://www.visitbritain.com/us/en/10-amazing-things-do-birmingham
https://www.travelblog.org/Asia/Japan/Hiroshima/blog-1018237.html,https://www.visitbritain.com/us/en/experience-real-medieval-banquet
https://www.travelblog.org/Asia/Japan/Hokkaido/Abashiri/blog-949890.html,https://www.visitbritain.com/us/en/birmingham-gay-village
https://www.travelblog.org/Asia/Japan/Hokkaido/Abashiri/blog-855548.html,https://www.visitbritain.com/us/en/amazing-things-do-oxfordshire
https://www.travelblog.org/Asia/Japan/Hokkaido/Abashiri/blog-819689.html,https://www.visitbritain.com/us/en/10-amazing-things-see-and-do-oxford
https://www.travelblog.org/Asia/Japan/Hokkaido/Abashiri/blog-250180.html,https://www.visitbritain.com/us/en/adventures-oxfordshire
https://www.travelblog.org/Asia/Japan/Hokkaido/Noboribetsu/blog-814803.html,https://www.visitbritain.com/us/en/family-friendly-oxford
https://www.travelblog.org/Asia/Japan/Hokkaido/Wakkanai/blog-951062.html,https://www.visitbritain.com/us/en/7-places-see-historical-and-cultural-links-between-england-and-usa
https://www.travelblog.org/Asia/Japan/Hokkaido/Wakkanai/blog-950020.html,https://www.visitbritain.com/us/en/britains-10-most-spectacular-university-cities
https://www.travelblog.org/Asia/Malaysia/Wilayah-Persekutuan/Kuala-Lumpur/blog-1050465.html,https://www.visitbritain.com/us/en/10-amazing-things-do-cambridge
https://www.travelblog.org/Asia/Malaysia/Penang/George-Town/blog-1049067.html,https://www.visitbritain.com/us/en/12-surprising-things-about-living-london-expat
https://www.travelblog.org/Asia/Malaysia/Penang/George-Town/blog-1048542.html,https://www.visitbritain.com/us/en/top-5-day-trips-london
https://www.travelblog.org/Asia/Malaysia/Wilayah-Persekutuan/Kuala-Lumpur/blog-1047499.html,https://www.visitbritain.com/us/en/places-stay-uk-grid-romance
https://www.travelblog.org/Asia/Malaysia/Johor/Johor-Bahru/blog-1047053.html,https://www.visitbritain.com/us/en/how-take-ultimate-welsh-road-trip
https://www.travelblog.org/Asia/Thailand/Central-Thailand/Ampawa/blog-846710.html,https://www.visitbritain.com/us/en/beginners-guide-wales
https://www.travelblog.org/Asia/Thailand/Central-Thailand/Ampawa/blog-784472.html,https://www.visitbritain.com/us/en/10-amazing-things-to-do-in-York
https://www.travelblog.org/Asia/Thailand/Central-Thailand/Ampawa/blog-779791.html,https://www.visitbritain.com/us/en/5-things-you-probably-didnt-know-about-york
https://www.travelblog.org/Asia/Thailand/Central-Thailand/Ampawa/blog-772846.html,https://www.visitbritain.com/us/en/york-youve-never-seen-it
https://www.travelblog.org/Asia/Thailand/Central-Thailand/Ampawa/blog-693348.html,https://www.visitbritain.com/us/en/best-train-journeys-bears-who-travel
https://www.travelblog.org/Asia/Thailand/Central-Thailand/Aranya-Prathet/blog-682368.html,https://www.visitbritain.com/us/en/discover-top-things-do-along-englands-coast-path
https://www.travelblog.org/Asia/Thailand/Central-Thailand/Aranya-Prathet/blog-606745.html,https://www.visitbritain.com/us/en/8-reasons-visit-devon-and-cornwall-spring
https://www.travelblog.org/Asia/Thailand/Central-Thailand/Aranya-Prathet/blog-558885.html,https://www.visitbritain.com/us/en/live-downton-lifestyle-these-ever-so-british-hotels
https://www.travelblog.org/Asia/Thailand/Central-Thailand/Aranya-Prathet/blog-494505.html,https://www.france.fr/en/lyon/list/lyon-what-to-do-what-to-see
https://www.travelblog.org/Asia/Thailand/Central-Thailand/Aranya-Prathet/blog-311634.html,https://www.france.fr/en/lyon/list/the-lyon-lifestyle-an-enlightened-escapade-with-marie-and-mood
https://www.travelblog.org/Asia/Thailand/Central-Thailand/Aranya-Prathet/blog-253041.html,https://www.france.fr/en/lyon/list/9-targets-for-culture-vultures-in-lyon
https://www.travelblog.org/Asia/Thailand/Central-Thailand/Aranya-Prathet/blog-215566.html,https://www.france.fr/en/lyon/list/travel-from-home-lyon-family
https://www.travelblog.org/Asia/Thailand/Central-Thailand/Ayutthaya/blog-1008348.html,https://www.france.fr/en/lyon/list/bugnes-anne-sophie-vidal-fashion-cooking
https://www.travelblog.org/Asia/Thailand/Central-Thailand/Ayutthaya/blog-1006755.html,https://www.france.fr/en/lyon/list/lyon-city-cinema
https://www.travelblog.org/Asia/Thailand/Central-Thailand/Ayutthaya/blog-968006.html,https://www.france.fr/en/lyon/article/bouchons-lyonnais
https://www.travelblog.org/Asia/Thailand/Central-Thailand/Ayutthaya/blog-959302.html,https://www.france.fr/en/paris/list/pinault-collection-paris
https://www.travelblog.org/Asia/Thailand/Central-Thailand/Bangkok/blog-1050255.html,https://www.france.fr/en/paris/moodboard/hotel-de-la-marine-renovation
https://www.travelblog.org/Asia/Thailand/Central-Thailand/Bangkok/blog-1046262.html,https://www.france.fr/en/paris/list/5-projects-reinventing-paris
https://www.travelblog.org/Asia/Thailand/Central-Thailand/Bangkok/blog-1045851.html,https://www.france.fr/en/paris/list/paris-what-to-do-what-to-see
https://www.travelblog.org/Asia/Thailand/Central-Thailand/Bangkok/blog-1045851.html,https://www.france.fr/en/paris/list/a-fantastic-family-outing-to-the-north-of-paris-with-mylene
https://www.travelblog.org/Asia/Thailand/Central-Thailand/Bangkok/blog-1043441.html,https://www.france.fr/en/northern-france/article/top-5-favorite-restaurants-for-locals-lille
https://www.travelblog.org/Asia/Thailand/Central-Thailand/Bangkok/blog-1043209.html,https://www.france.fr/en/northern-france/list/3-reasons-to-visit-the-armistice-memorial
https://www.travelblog.org/Asia/Thailand/Central-Thailand/Chanthaburi/blog-1005759.html,https://www.france.fr/en/northern-france/moodboard/celebrate-peace-in-these-hauts-de-france-gardens
https://www.travelblog.org/Asia/Thailand/Central-Thailand/Chanthaburi/blog-876249.html,https://www.france.fr/en/alsace-lorraine/list/the-alsace-mont-blanc-what-to-do-what-to-see
https://www.travelblog.org/Asia/Thailand/Central-Thailand/Chanthaburi/blog-807410.html,https://www.france.fr/en/alsace-lorraine/list/48-hours-in-strasbourg
https://www.travelblog.org/Asia/Thailand/Central-Thailand/Chanthaburi/blog-719799.html,https://www.france.fr/en/alsace-lorraine/list/christmas-market-alsace
https://www.travelblog.org/Asia/Thailand/Central-Thailand/Chanthaburi/blog-545124.html,https://www.france.fr/en/alsace-lorraine/article/colmar
https://www.travelblog.org/Asia/Thailand/Central-Thailand/Chonburi/blog-1023756.html,https://www.france.fr/en/alsace-lorraine/list/8-villages-to-sample-along-the-alsace-wine-route
https://www.travelblog.org/Asia/Thailand/Central-Thailand/Chonburi/blog-678953.html,https://www.france.fr/en/alsace-lorraine/list/4-new-restaurants-alsace
https://www.travelblog.org/Asia/Thailand/Central-Thailand/Chonburi/blog-676933.html,https://www.france.fr/en/alsace-lorraine/article/the-art-of-preparing-for-christmas-in-alsace
https://www.travelblog.org/Asia/Thailand/Central-Thailand/Chonburi/blog-468860.html,https://www.france.fr/en/alsace-lorraine/list/6-well-being-stopovers-to-relax-in-alsace
https://www.travelblog.org/Asia/Thailand/Central-Thailand/Chonburi/blog-380730.html,https://www.france.fr/en/alsace-lorraine/list/48-hours-in-verdun-in-the-footsteps-of-wwi-soldiers
https://www.travelblog.org/Asia/Thailand/Central-Thailand/Chonburi/blog-379036.html,https://www.france.fr/en/normandy/list/everything-you-wanted-to-know-about-normandy-cheeses-in-5-minutes
https://www.travelblog.org/Asia/Thailand/Central-Thailand/Jomtien/blog-824086.html,https://www.france.fr/en/normandy/list/normandy-what-to-do-what-to-see
https://www.travelblog.org/Asia/Thailand/Central-Thailand/Jomtien/blog-692143.html,https://www.france.fr/en/normandy/list/8-slow-living-experiences-that-are-100-made-in-manche
https://www.travelblog.org/Asia/Thailand/Central-Thailand/Jomtien/blog-544552.html,https://www.france.fr/en/normandy/moodboard/photographing-the-sea-in-normandy
https://www.travelblog.org/Asia/Thailand/Central-Thailand/Ko-Chang/blog-1000343.html,https://www.france.fr/en/normandy/article/a-little-taste-of-mont-saint-michel
https://www.travelblog.org/Asia/Thailand/Central-Thailand/Ko-Chang/blog-1043058.html,https://www.france.fr/en/normandy/list/autumn_normandy_cider_route
https://www.travelblog.org/Asia/Thailand/Central-Thailand/Ko-Chang/blog-872418.html,https://www.france.fr/en/normandy/article/normandy-puts-on-a-show-at-galeries-lafayette
https://www.travelblog.org/Asia/Thailand/Central-Thailand/Ko-Chang/blog-803172.html,https://www.france.fr/en/normandy/list/love-is-in-the-air-in-normandy-this-summer
https://www.travelblog.org/Asia/Thailand/Central-Thailand/Ko-Chang/blog-755242.html,https://www.france.fr/en/normandy/list/48-hours-to-remember-on-the-d-day-landing-beaches
https://www.travelblog.org/Asia/Thailand/Central-Thailand/Ko-Chang/blog-751737.html,https://www.france.fr/en/normandy/list/6-mysteries-surrounding-mont-saint-michel
https://www.travelblog.org/Asia/Thailand/Central-Thailand/Ko-Chang/blog-721853.html,https://www.france.fr/en/normandy/list/a-perfect-family-day-out-at-mont-saint-michel
https://www.travelblog.org/Europe/Spain/Catalonia/Barcelona/Barcelona/blog-1032114.html,https://www.france.fr/en/cote-dazur/list/eight-best-beaches-nice-cote-dazur-france
https://www.travelblog.org/Europe/Spain/Catalonia/Barcelona/Barcelona/blog-1027667.html,https://bulgariatravel.org/en/ahtopol/
https://www.travelblog.org/Europe/Spain/Catalonia/Barcelona/Barcelona/blog-1025155.html,https://bulgariatravel.org/en/albena/
https://www.travelblog.org/Europe/Spain/Catalonia/Barcelona/Barcelona/blog-1022899.html,https://bulgariatravel.org/en/balchik/
https://www.travelblog.org/Europe/Spain/Catalonia/Barcelona/Barcelona/blog-1022162.html,https://bulgariatravel.org/en/byala/
https://www.travelblog.org/Europe/Spain/Catalonia/Barcelona/Barcelona/blog-1022022.html,https://bulgariatravel.org/en/chernomorets/
https://www.travelblog.org/Europe/Spain/Catalonia/Barcelona/Barcelona/blog-1005298.html,https://bulgariatravel.org/en/dyuni/
https://www.travelblog.org/Europe/Spain/Catalonia/Barcelona/La-Rambla/blog-1041591.html,https://bulgariatravel.org/en/elenite/
https://www.travelblog.org/Europe/Spain/Catalonia/Barcelona/La-Rambla/,https://bulgariatravel.org/en/evksinograd/
https://www.travelblog.org/Europe/Spain/Catalonia/Barcelona/La-Rambla/blog-1013170.html,https://bulgariatravel.org/en/kamen-bryag-stone-coast/
https://www.travelblog.org/Europe/Spain/Catalonia/Barcelona/La-Rambla/blog-963681.html,https://bulgariatravel.org/en/kavarna/
https://www.travelblog.org/Europe/Spain/Catalonia/Barcelona/La-Rambla/blog-913636.html,https://bulgariatravel.org/en/kiten/
https://www.travelblog.org/Europe/Spain/Catalonia/Barcelona/La-Rambla/blog-877281.html,https://bulgariatravel.org/en/kranevo/
https://www.travelblog.org/Europe/Spain/Catalonia/Barcelona/La-Rambla/blog-854899.html,https://bulgariatravel.org/en/lozenets/
https://www.travelblog.org/Europe/Spain/Catalonia/Barcelona/La-Rambla/blog-851370.html,https://bulgariatravel.org/en/nesebar/
https://www.travelblog.org/Europe/Spain/Catalonia/Barcelona/La-Rambla/blog-828414.html,https://bulgariatravel.org/en/obzor/
https://www.travelblog.org/Europe/Spain/Catalonia/Barcelona/La-Rambla/blog-827484.html,https://bulgariatravel.org/en/pomorie/
https://www.travelblog.org/Europe/Spain/Catalonia/Barcelona/Monistrol-de-Montserrat/blog-1012303.html,https://bulgariatravel.org/en/primorsko/
https://www.travelblog.org/Europe/Spain/Catalonia/Barcelona/Monistrol-de-Montserrat/blog-994277.html,https://bulgariatravel.org/en/ravda/
https://www.travelblog.org/Europe/Spain/Catalonia/Barcelona/Monistrol-de-Montserrat/blog-935928.html,https://bulgariatravel.org/en/ravda/
https://www.travelblog.org/Europe/Spain/Catalonia/Barcelona/Monistrol-de-Montserrat/blog-617406.html,https://bulgariatravel.org/en/rezovo/
https://www.travelblog.org/Europe/Spain/Catalonia/Barcelona/Monistrol-de-Montserrat/blog-509025.html,https://bulgariatravel.org/en/rusalka/
https://www.travelblog.org/Europe/Spain/Catalonia/Barcelona/Monistrol-de-Montserrat/blog-497659.html,https://bulgariatravel.org/en/saints-constantine-and-elena/
https://www.travelblog.org/Europe/Spain/Catalonia/Barcelona/Sant-Pere-de-Ribes/blog-626358.html,https://bulgariatravel.org/en/shabla/
https://www.travelblog.org/Europe/Spain/Valencian-Community/Alfaz-del-Pi/blog-978859.html,https://bulgariatravel.org/en/shkorpilovtsi/
https://www.travelblog.org/Europe/Spain/Valencian-Community/Alicante/Benimaurell/blog-712449.html,https://bulgariatravel.org/en/sinemorets/
https://www.travelblog.org/Europe/France/Alsace/Colmar/blog-1039060.html,https://bulgariatravel.org/en/sozopol/
https://www.travelblog.org/Europe/France/Alsace/Colmar/blog-1038567.html,https://bulgariatravel.org/en/sunny-beach/
https://www.travelblog.org/Europe/France/Alsace/Colmar/blog-963662.html,https://bulgariatravel.org/en/sveti-vlas/
https://www.travelblog.org/Europe/France/Alsace/Colmar/blog-947393.html,https://bulgariatravel.org/en/tsarevo/
https://www.travelblog.org/Europe/France/Alsace/Colmar/blog-887933.html,https://bulgariatravel.org/en/university-botanical-garden/
https://www.travelblog.org/Europe/France/Alsace/Colmar/blog-861900.html,https://bulgariatravel.org/en/city-of-varna/
https://www.travelblog.org/Europe/France/Alsace/Colmar/blog-722708.html,https://bulgariatravel.org/en/village-of-durankulak/
https://www.travelblog.org/Europe/France/Alsace/Strasbourg/blog-1036452.html,https://bulgariatravel.org/en/zlatni-pyasatsi-golden-sands/
https://www.travelblog.org/Europe/France/Alsace/Strasbourg/blog-1024293.html,https://www.youth-hostel.si/en/travelogues/AT/turracher-hoehe
https://www.travelblog.org/Europe/France/Alsace/Strasbourg/blog-1019111.html,https://www.youth-hostel.si/en/travelogues/AT/melodious-stopover-in-salzburg
https://www.travelblog.org/Europe/France/Alsace/Strasbourg/blog-1004288.html,https://www.youth-hostel.si/en/travelogues/AT/innsbruck-attractions-with-dogs
https://www.travelblog.org/Europe/France/Alsace/Strasbourg/blog-994969.html,https://www.youth-hostel.si/en/travelogues/AT/linz-and-salzburg
https://www.travelblog.org/Europe/France/Alsace/Strasbourg/blog-971581.html,https://www.youth-hostel.si/en/travelogues/AT/pretzels-bratwurst-and-schnitzels
https://www.travelblog.org/Europe/France/Alsace/Strasbourg/blog-966769.html,https://www.youth-hostel.si/en/travelogues/AT/salzburg
https://www.travelblog.org/Europe/France/Ile-de-France/Boulogne-Billancourt/blog-740775.html,https://www.youth-hostel.si/en/travelogues/AT/innsbruck-attractions-with-dogs
https://www.travelblog.org/Europe/France/Ile-de-France/Boulogne-Billancourt/blog-618087.html,https://www.youth-hostel.si/en/travelogues/AT/visit-the-town-of-mozartkugeln
https://www.travelblog.org/Europe/France/Ile-de-France/Boulogne-Billancourt/blog-474711.html,https://www.youth-hostel.si/en/travelogues/AT/the-tallest-peak-of-austria-and-its-tour-skiing
https://www.travelblog.org/Europe/France/Ile-de-France/Boulogne-Billancourt/blog-472354.html,https://www.youth-hostel.si/en/travelogues/AT/karavanke
https://www.travelblog.org/Europe/France/Ile-de-France/Clichy/blog-660952.html,https://www.youth-hostel.si/en/travelogues/AT/the-valley-of-falling-water-maltatal
https://www.travelblog.org/Europe/France/Ile-de-France/Clichy/blog-592693.html,https://www.youth-hostel.si/en/travelogues/AT/from-mining-to-skiing-austria
https://www.travelblog.org/Europe/France/Ile-de-France/Colombes/blog-951497.html,https://www.youth-hostel.si/en/travelogues/AT/bad-kleinkirchheim-austria
https://www.travelblog.org/Europe/France/Ile-de-France/Issy-les-Moulineaux/blog-628174.html,https://www.youth-hostel.si/en/travelogues/AT/koralps-austria
https://www.travelblog.org/Middle-East/Israel/Center-District/Kfar-Saba/blog-294000.html,https://www.youth-hostel.si/en/travelogues/AT/lake-break-near-salzburg
https://www.travelblog.org/Middle-East/Israel/Center-District/Ra-anana/blog-916255.html,https://www.youth-hostel.si/en/travelogues/AT/the-paradise-for-extreme-sportsmen
https://www.travelblog.org/Middle-East/Israel/Center-District/Ra-anana/blog-168298.html,https://www.youth-hostel.si/en/travelogues/AT/christmas-markets-and-holiday-vienna
https://www.travelblog.org/Middle-East/Israel/Center-District/Ra-anana/blog-163061.html,https://www.youth-hostel.si/en/travelogues/AT/alpine-lake-with-a-touch-of-mediterranean
https://www.travelblog.org/Middle-East/Israel/Center-District/Rehovot/blog-1040382.html,https://www.youth-hostel.si/en/travelogues/AT/mealter-egovienna-and-sex-in-the-city
https://www.travelblog.org/Middle-East/Israel/Center-District/Rehovot/blog-718850.html,https://www.youth-hostel.si/en/travelogues/AT/vienna-architecture-and-classical-music
https://www.travelblog.org/Middle-East/Israel/Center-District/Rehovot/blog-375536.html,https://www.youth-hostel.si/en/travelogues/AT/a-town-in-midst-of-alps
https://www.travelblog.org/Middle-East/Israel/Center-District/Rehovot/blog-115600.html,https://www.holland.com/global/tourism/destinations/amsterdam/water-bikes.htm
https://www.travelblog.org/Middle-East/Israel/Jerusalem-District/Jerusalem/blog-1046602.html,https://www.holland.com/global/tourism/destinations/amsterdam/things-to-do/canal-cruises-in-amsterdam.htm
https://www.travelblog.org/Middle-East/Israel/Jerusalem-District/Jerusalem/blog-1015303.html,https://www.holland.com/global/tourism/destinations/amsterdam/things-to-do/breweries-in-amsterdam.htm
https://www.travelblog.org/Middle-East/Israel/Jerusalem-District/Jerusalem/blog-1014986.html,https://www.holland.com/global/tourism/destinations/amsterdam/things-to-do/this-is-holland-1.htm
https://www.travelblog.org/Middle-East/Israel/Jerusalem-District/Jerusalem/blog-1011808.html,https://www.holland.com/global/tourism/destinations/amsterdam/artis-royal-zoo-amsterdam.htm
https://www.travelblog.org/Middle-East/Israel/Jerusalem-District/Jerusalem/blog-1010354.html,https://www.holland.com/global/tourism/destinations/amsterdam/micropia-3.htm
https://www.travelblog.org/Middle-East/Israel/Tel-Aviv-District/Holon/blog-1026730.html,https://www.holland.com/global/tourism/destinations/amsterdam/adam-lookout-1.htm
https://www.travelblog.org/Middle-East/Israel/Tel-Aviv-District/Tel-Aviv/blog-1026340.html,https://www.holland.com/global/tourism/destinations/amsterdam/johan-cruijff-arena-1.htm
https://www.travelblog.org/Middle-East/Israel/Tel-Aviv-District/Jaffa/blog-1014630.html,https://www.holland.com/global/tourism/destinations/amsterdam/museums/eye-amsterdam-1.htm
https://www.travelblog.org/Middle-East/Israel/Tel-Aviv-District/Tel-Aviv/blog-1014586.html,https://www.holland.com/global/tourism/destinations/amsterdam/museums/the-rijksmuseum-amsterdam.htm
https://www.travelblog.org/Middle-East/Israel/Tel-Aviv-District/Tel-Aviv/blog-1007352.html,https://www.holland.com/global/tourism/destinations/amsterdam/museums/the-national-maritime-museum.htm
https://www.travelblog.org/Middle-East/Israel/Tel-Aviv-District/Tel-Aviv/blog-976164.html,https://www.holland.com/global/tourism/destinations/amsterdam/the-defense-line-of-amsterdam.htm
https://www.travelblog.org/Middle-East/Qatar/Doha/blog-1049509.html,https://www.holland.com/global/tourism/destinations/amsterdam/science-center-nemo.htm
https://www.travelblog.org/Middle-East/Qatar/Doha/blog-1042777.html,https://www.holland.com/global/tourism/destinations/amsterdam/museums/van-gogh-museum.htm
https://www.travelblog.org/Middle-East/Qatar/Doha/blog-1042575.html,https://www.holland.com/global/tourism/destinations/amsterdam/museums/hermitage-amsterdam-3.htm
https://www.travelblog.org/Middle-East/Qatar/Doha/blog-1042319.html,https://www.holland.com/global/tourism/destinations/amsterdam/museums/anne-frank-house-18.htm
https://www.travelblog.org/Middle-East/Qatar/Doha/blog-1036061.html,https://www.holland.com/global/tourism/destinations/amsterdam/the-heineken-experience.htm
https://www.travelblog.org/Middle-East/Qatar/Al-Khor/blog-761289.html,https://www.holland.com/global/tourism/destinations/amsterdam/city-beaches-in-amsterdam.htm
https://www.travelblog.org/Middle-East/Qatar/Mesaieed/blog-804828.html,https://www.holland.com/global/tourism/destinations/amsterdam/museums/stedelijk-museum.htm
https://www.travelblog.org/Middle-East/United-Arab-Emirates/Abu-Dhabi/Jebel-Dhanna/blog-820912.html,https://www.czechtourism.com/c/holasovice-unesco/
https://www.travelblog.org/Middle-East/United-Arab-Emirates/Abu-Dhabi/Jebel-Dhanna/blog-819678.html,https://www.czechtourism.com/t/litomysl/
https://www.travelblog.org/Middle-East/United-Arab-Emirates/Abu-Dhabi/Jebel-Dhanna/blog-783705.html,https://www.czechtourism.com/c/zdar-nad-sazavou-unesco-zelena-hora-pilgrimage-church-of-st-john-nepomuk/
https://www.travelblog.org/Middle-East/United-Arab-Emirates/Abu-Dhabi/Jebel-Dhanna/blog-738144.html,https://www.czechtourism.com/c/brno-unesco-tugendhat-villa/
https://www.travelblog.org/Middle-East/United-Arab-Emirates/Abu-Dhabi/Jebel-Dhanna/blog-664263.html,https://www.czechtourism.com/c/litomysl-unesco-castle/
https://www.travelblog.org/Middle-East/United-Arab-Emirates/Abu-Dhabi/Jebel-Dhanna/blog-237681.html,https://www.czechtourism.com/c/olomouc-unesco-column-of-the-holy-trinity/
https://www.travelblog.org/Middle-East/United-Arab-Emirates/Dubai/blog-1050089.html,https://www.czechtourism.com/c/kladruby-stud-farm-castle-and-landscape-unesco/
https://www.travelblog.org/Middle-East/United-Arab-Emirates/Dubai/blog-1047497.html,https://www.czechtourism.com/c/zdar-nad-sazavou-unesco-zelena-hora-pilgrimage-church-of-st-john-nepomuk/
https://www.travelblog.org/Middle-East/United-Arab-Emirates/Dubai/blog-1043665.html,https://www.czechtourism.com/c/hlinecko-unesco-shrovetide-processions/
https://www.travelblog.org/Middle-East/United-Arab-Emirates/Dubai/blog-1036989.html,https://www.czechtourism.com/a/falconry/
https://www.travelblog.org/Middle-East/United-Arab-Emirates/Dubai/blog-1036986.html,https://www.czechtourism.com/c/unesco-verbunk/
https://www.travelblog.org/Middle-East/United-Arab-Emirates/Dubai/blog-1036553.html,https://www.czechtourism.com/c/unesco-jizda-kralu/
https://www.travelblog.org/Middle-East/United-Arab-Emirates/Fujairah/blog-820037.html,https://www.czechtourism.com/t/prachatice/
https://www.travelblog.org/Middle-East/United-Arab-Emirates/Fujairah/blog-742203.html,https://www.czechtourism.com/t/trebon-spa/
https://www.travelblog.org/Middle-East/United-Arab-Emirates/Fujairah/blog-730062.html,https://www.czechtourism.com/t/zatec/
https://www.travelblog.org/Middle-East/United-Arab-Emirates/Fujairah/blog-615698.html,https://www.czechtourism.com/a/art-nouveau/
https://www.travelblog.org/Middle-East/United-Arab-Emirates/Fujairah/blog-355988.html,https://www.czechtourism.com/a/baroque/
https://www.travelblog.org/Middle-East/United-Arab-Emirates/Ras-Al-Khaimah/blog-1032453.html,https://www.czechtourism.com/a/classicism-and-empire-style/
https://www.travelblog.org/Antarctica/Antarctica/Amundsen-Scott-South-Pole-Station/blog-614138.html,https://www.czechtourism.com/a/functionalism/
https://www.travelblog.org/Antarctica/Antarctica/Amundsen-Scott-South-Pole-Station/blog-526411.html,https://www.czechtourism.com/c/liberec-iqlandia/
https://www.travelblog.org/Antarctica/Antarctica/Amundsen-Scott-South-Pole-Station/blog-353097.html,https://www.czechtourism.com/c/dvur-kralove-zoo-safari/
https://www.travelblog.org/Antarctica/Antarctica/South-Shetland-Islands/blog-1030774.html,https://www.czechtourism.com/c/sky-walk-dolni-morava/
https://www.travelblog.org/Antarctica/Antarctica/South-Shetland-Islands/blog-772618.html,https://www.czechtourism.com/a/czech-glassware-history-shopping/